barrido,archivo,f_test_hz,resolucion_hz,peak_freq_hz,peak_amp_dbm,offset_hz,offset_en_bins,noise_floor_dbm,snr_db
barrido(67-1000),sweep_f_test_0.1kHz.csv,100.0,2.0,68.0,-10.17906761,-32.0,-16.0,-112.66906355,102.48999594
barrido(67-1000),sweep_f_test_0.2kHz.csv,200.0,2.0,168.0,-10.18884087,-32.0,-16.0,-114.11666875,103.92782788
barrido(67-1000),sweep_f_test_0.3kHz.csv,300.0,2.0,268.0,-10.19066525,-32.0,-16.0,-113.73301315,103.54234790000001
barrido(67-1000),sweep_f_test_0.4kHz.csv,400.0,2.0,366.0,-10.19283962,-34.0,-17.0,-113.82374955,103.63090993
barrido(67-1000),sweep_f_test_0.5kHz.csv,500.0,2.0,466.0,-10.19599341,-34.0,-17.0,-113.59570695,103.39971354
barrido(67-1000),sweep_f_test_0.6kHz.csv,600.0,2.0,566.0,-10.19972219,-34.0,-17.0,-114.14405065,103.94432846
barrido(67-1000),sweep_f_test_0.7kHz.csv,700.0,2.0,668.0,-10.20183659,-32.0,-16.0,-113.53784395,103.33600736
barrido(67-1000),sweep_f_test_0.8kHz.csv,800.0,2.0,766.0,-10.20507526,-34.0,-17.0,-113.2706528,103.06557753999999
barrido(67-1000),sweep_f_test_0.9kHz.csv,900.0,2.0,868.0,-10.20829964,-32.0,-16.0,-113.3965015,103.18820185999999
barrido(67-1000),sweep_f_test_1.0kHz.csv,1000.0,2.0,966.0,-10.21159744,-34.0,-17.0,-112.7985209,102.58692346
barrido(67-1000),sweep_f_test_1.1kHz.csv,1100.0,6.0,1068.0,-10.15779972,-32.0,-5.333333333333333,-119.76227055000001,109.60447083000001
barrido(67-1000),sweep_f_test_1.3kHz.csv,1300.0,6.0,1266.0,-10.16105175,-34.0,-5.666666666666667,-119.28693325,109.1258815
barrido(67-1000),sweep_f_test_1.5kHz.csv,1500.0,6.0,1464.0,-10.16428852,-36.0,-6.0,-119.06191015,108.89762163
barrido(67-1000),sweep_f_test_1.7kHz.csv,1700.0,6.0,1668.0,-10.16728973,-32.0,-5.333333333333333,-119.35330379999999,109.18601407
barrido(67-1000),sweep_f_test_1.9kHz.csv,1900.0,6.0,1866.0,-10.17096233,-34.0,-5.666666666666667,-119.5516073,109.38064497
barrido(67-1000),sweep_f_test_2.1kHz.csv,2100.0,6.0,2070.0,-10.17366028,-30.0,-5.0,-119.1176315,108.94397122000001
barrido(67-1000),sweep_f_test_2.3kHz.csv,2300.0,6.0,2268.0,-10.17705917,-32.0,-5.333333333333333,-118.6437019,108.46664272999999
barrido(67-1000),sweep_f_test_2.5kHz.csv,2500.0,6.0,2466.0,-10.17996407,-34.0,-5.666666666666667,-119.37809935,109.19813528
barrido(67-1000),sweep_f_test_2.7kHz.csv,2700.0,6.0,2670.0,-10.18335342,-30.0,-5.0,-119.3131674,109.12981398
barrido(67-1000),sweep_f_test_2.9kHz.csv,2900.0,6.0,2868.0,-10.1863842,-32.0,-5.333333333333333,-119.07335044999999,108.88696624999999
barrido(3k-19k),sweep_f_test_3.0kHz.csv,3000.0,19.0,3007.0,-10.01845264,7.0,0.3684210526315789,-120.5970836,110.57863096
barrido(67-1000),sweep_f_test_3.1kHz.csv,3100.0,6.0,3066.0,-10.1896801,-34.0,-5.666666666666667,-118.95260255,108.76292244999999
barrido(67-1000),sweep_f_test_3.3kHz.csv,3300.0,6.0,3264.0,-10.19264698,-36.0,-6.0,-118.85549284999999,108.66284586999998
barrido(67-1000),sweep_f_test_3.5kHz.csv,3500.0,6.0,3468.0,-10.19532776,-32.0,-5.333333333333333,-119.63069755000001,109.43536979000001
barrido(67-1000),sweep_f_test_3.7kHz.csv,3700.0,6.0,3666.0,-10.19860554,-34.0,-5.666666666666667,-119.09318429999999,108.89457875999999
barrido(67-1000),sweep_f_test_3.9kHz.csv,3900.0,6.0,3864.0,-10.20152092,-36.0,-6.0,-118.99952834999999,108.79800742999998
barrido(3k-19k),sweep_f_test_4.0kHz.csv,4000.0,19.0,3995.0,-10.03731155,-5.0,-0.2631578947368421,-120.7156731,110.67836155
barrido(67-1000),sweep_f_test_4.1kHz.csv,4100.0,6.0,4068.0,-10.20443535,-32.0,-5.333333333333333,-118.81568089999999,108.61124554999999
barrido(67-1000),sweep_f_test_4.3kHz.csv,4300.0,6.0,4266.0,-10.20732117,-34.0,-5.666666666666667,-118.7630431,108.55572193
barrido(67-1000),sweep_f_test_4.5kHz.csv,4500.0,6.0,4470.0,-10.21044922,-30.0,-5.0,-119.02649825,108.81604903
barrido(67-1000),sweep_f_test_4.7kHz.csv,4700.0,6.0,4668.0,-10.21297359,-32.0,-5.333333333333333,-118.5744966,108.36152301
barrido(67-1000),sweep_f_test_4.9kHz.csv,4900.0,6.0,4866.0,-10.21559811,-34.0,-5.666666666666667,-119.07631620000001,108.86071809
barrido(3k-19k),sweep_f_test_5.0kHz.csv,5000.0,19.0,5002.0,-10.04449654,2.0,0.10526315789473684,-120.9403416,110.89584506
barrido(67-1000),sweep_f_test_5.1kHz.csv,5100.0,6.0,5064.0,-10.21873283,-36.0,-6.0,-118.49144455000001,108.27271172000002
barrido(3k-19k),sweep_f_test_6.0kHz.csv,6000.0,19.0,6009.0,-10.05607414,9.0,0.47368421052631576,-120.846035,110.78996086000001
barrido(3k-19k),sweep_f_test_7.0kHz.csv,7000.0,19.0,6997.0,-10.07021713,-3.0,-0.15789473684210525,-120.7651716,110.69495447
barrido(3k-19k),sweep_f_test_8.0kHz.csv,8000.0,19.0,8004.0,-10.08137798,4.0,0.21052631578947367,-120.56887405,110.48749607
barrido(3k-19k),sweep_f_test_9.0kHz.csv,9000.0,19.0,8992.0,-10.09199238,-8.0,-0.42105263157894735,-121.0057902,110.91379782000001
barrido(3k-19k),sweep_f_test_10.0kHz.csv,10000.0,19.0,9999.0,-10.10501003,-1.0,-0.05263157894736842,-120.9189839,110.81397387
barrido(3k-19k),sweep_f_test_11.0kHz.csv,11000.0,19.0,11006.0,-10.1166029,6.0,0.3157894736842105,-120.88830195,110.77169905
barrido(3k-19k),sweep_f_test_12.0kHz.csv,12000.0,19.0,11994.0,-10.12845612,-6.0,-0.3157894736842105,-120.96747395,110.83901783
barrido(3k-19k),sweep_f_test_13.0kHz.csv,13000.0,19.0,13001.0,-10.14070129,1.0,0.05263157894736842,-120.66922579999999,110.52852451
barrido(3k-19k),sweep_f_test_14.0kHz.csv,14000.0,19.0,14008.0,-10.15085602,8.0,0.42105263157894735,-120.4787557,110.32789967999999
barrido(3k-19k),sweep_f_test_15.0kHz.csv,15000.0,19.0,14996.0,-10.16398907,-4.0,-0.21052631578947367,-120.68150875,110.51751968
barrido(3k-19k),sweep_f_test_16.0kHz.csv,16000.0,19.0,16003.0,-10.17590523,3.0,0.15789473684210525,-120.4375947,110.26168947000001
barrido(3k-19k),sweep_f_test_17.0kHz.csv,17000.0,19.0,16991.0,-10.18477726,-9.0,-0.47368421052631576,-120.42655859999999,110.24178133999999
barrido(3k-19k),sweep_f_test_18.0kHz.csv,18000.0,19.0,17998.0,-10.19564915,-2.0,-0.10526315789473684,-120.54697745,110.3513283
barrido(3k-19k),sweep_f_test_19.0kHz.csv,19000.0,19.0,19005.0,-10.21109104,5.0,0.2631578947368421,-120.63438995,110.42329891
barrido(22k-49k),sweep_f_test_22.0kHz.csv,22000.0,29.0,21986.0,-10.14409351,-14.0,-0.4827586206896552,-125.58703265,115.44293914
barrido(22k-49k),sweep_f_test_23.0kHz.csv,23000.0,29.0,22972.0,-10.14659283,-28.0,-0.9655172413793104,-125.79404525000001,115.64745242000001
barrido(22k-49k),sweep_f_test_24.0kHz.csv,24000.0,29.0,24016.0,-10.14809132,16.0,0.5517241379310345,-126.08495289999999,115.93686157999998
barrido(22k-49k),sweep_f_test_25.0kHz.csv,25000.0,29.0,25002.0,-10.14907455,2.0,0.06896551724137931,-125.85507609999999,115.70600155
barrido(22k-49k),sweep_f_test_26.0kHz.csv,26000.0,29.0,25988.0,-10.14900303,-12.0,-0.41379310344827586,-125.87274675,115.72374372
barrido(22k-49k),sweep_f_test_27.0kHz.csv,27000.0,29.0,26974.0,-10.15113555,-26.0,-0.896551724137931,-125.87199745,115.72086189999999
barrido(22k-49k),sweep_f_test_28.0kHz.csv,28000.0,29.0,28018.0,-10.15255451,18.0,0.6206896551724138,-125.46938359999999,115.31682908999998
barrido(22k-49k),sweep_f_test_29.0kHz.csv,29000.0,29.0,29004.0,-10.15439987,4.0,0.13793103448275862,-125.90827485,115.75387497999999
barrido(22k-49k),sweep_f_test_30.0kHz.csv,30000.0,29.0,29990.0,-10.15527725,-10.0,-0.3448275862068966,-126.06952655,115.91424930000001
barrido(22k-49k),sweep_f_test_31.0kHz.csv,31000.0,29.0,30976.0,-10.15622608,-24.0,-0.8275862068965517,-125.45307550000001,115.29684942000002
barrido(22k-49k),sweep_f_test_32.0kHz.csv,32000.0,29.0,32020.0,-10.1578846,20.0,0.6896551724137931,-125.76108515,115.60320055
barrido(22k-49k),sweep_f_test_33.0kHz.csv,33000.0,29.0,33006.0,-10.15958405,6.0,0.20689655172413793,-126.0692156,115.90963155
barrido(22k-49k),sweep_f_test_34.0kHz.csv,34000.0,29.0,33992.0,-10.16100788,-8.0,-0.27586206896551724,-125.61696235,115.45595447
barrido(22k-49k),sweep_f_test_35.0kHz.csv,35000.0,29.0,34978.0,-10.16180111,-22.0,-0.7586206896551724,-125.785399,115.62359789
barrido(22k-49k),sweep_f_test_36.0kHz.csv,36000.0,29.0,36022.0,-10.16466713,22.0,0.7586206896551724,-125.934955,115.77028787
barrido(22k-49k),sweep_f_test_37.0kHz.csv,37000.0,29.0,37008.0,-10.16600037,8.0,0.27586206896551724,-125.91505935,115.74905898
barrido(22k-49k),sweep_f_test_38.0kHz.csv,38000.0,29.0,37994.0,-10.1677351,-6.0,-0.20689655172413793,-125.53652364999999,115.36878854999999
barrido(22k-49k),sweep_f_test_39.0kHz.csv,39000.0,29.0,38980.0,-10.16728897,-20.0,-0.6896551724137931,-125.81762165,115.65033268
barrido(22k-49k),sweep_f_test_40.0kHz.csv,40000.0,29.0,40024.0,-10.17131233,24.0,0.8275862068965517,-126.2344474,116.06313506999999
barrido(22k-49k),sweep_f_test_41.0kHz.csv,41000.0,29.0,41010.0,-10.17318916,10.0,0.3448275862068966,-125.81104855,115.63785938999999
barrido(22k-49k),sweep_f_test_42.0kHz.csv,42000.0,29.0,41996.0,-10.17550087,-4.0,-0.13793103448275862,-125.5906721,115.41517123
barrido(22k-49k),sweep_f_test_43.0kHz.csv,43000.0,29.0,42982.0,-10.17385265,-18.0,-0.6206896551724138,-126.3488878,116.17503515
barrido(22k-49k),sweep_f_test_44.0kHz.csv,44000.0,29.0,44026.0,-10.17895508,26.0,0.896551724137931,-125.50801005,115.32905497
barrido(22k-49k),sweep_f_test_45.0kHz.csv,45000.0,29.0,45012.0,-10.18051624,12.0,0.41379310344827586,-125.60222225,115.42170601
barrido(22k-49k),sweep_f_test_46.0kHz.csv,46000.0,29.0,45998.0,-10.18329334,-2.0,-0.06896551724137931,-125.81775285,115.63445951
barrido(22k-49k),sweep_f_test_47.0kHz.csv,47000.0,29.0,46984.0,-10.18035224,-16.0,-0.5517241379310345,-125.9639331,115.78358086
barrido(22k-49k),sweep_f_test_48.0kHz.csv,48000.0,29.0,48028.0,-10.18691254,28.0,0.9655172413793104,-125.6046102,115.41769766
barrido(22k-49k),sweep_f_test_49.0kHz.csv,49000.0,29.0,49014.0,-10.1874342,14.0,0.4827586206896552,-125.68610175,115.49866755000001
barrido(52-195)k,sweep_f_test_52.0kHz.csv,52000.0,150.0,52100.0,-10.17896938,100.0,0.6666666666666666,-122.07715105,111.89818167
barrido(52-195)k,sweep_f_test_59.0kHz.csv,59000.0,150.0,59000.0,-10.1975193,0.0,0.0,-121.97546695,111.77794765
barrido(52-195)k,sweep_f_test_66.0kHz.csv,66000.0,150.0,65900.0,-10.22366114,-100.0,-0.6666666666666666,-121.88165975,111.65799860999999
barrido(52-195)k,sweep_f_test_73.0kHz.csv,73000.0,150.0,73100.0,-10.21715927,100.0,0.6666666666666666,-122.6837494,112.46659013
barrido(52-195)k,sweep_f_test_80.0kHz.csv,80000.0,150.0,80000.0,-10.22204304,0.0,0.0,-122.42723674999999,112.20519370999999
barrido(52-195)k,sweep_f_test_87.0kHz.csv,87000.0,150.0,86900.0,-10.24023279,-100.0,-0.6666666666666666,-122.40386815,112.16363536
barrido(52-195)k,sweep_f_test_94.0kHz.csv,94000.0,150.0,94100.0,-10.24962807,100.0,0.6666666666666666,-121.7662236,111.51659553
barrido(52-195)k,sweep_f_test_101.0kHz.csv,101000.0,150.0,101000.0,-10.25140858,0.0,0.0,-121.7965891,111.54518052
barrido(52-195)k,sweep_f_test_108.0kHz.csv,108000.0,150.0,107900.0,-10.25943811,-100.0,-0.6666666666666666,-121.26540685,111.00596874
barrido(52-195)k,sweep_f_test_115.0kHz.csv,115000.0,150.0,115100.0,-10.26794243,100.0,0.6666666666666666,-122.4101441,112.14220166999999
barrido(52-195)k,sweep_f_test_122.0kHz.csv,122000.0,150.0,122000.0,-10.2728157,0.0,0.0,-121.53340295000001,111.26058725000001
barrido(52-195)k,sweep_f_test_129.0kHz.csv,129000.0,150.0,128900.0,-10.27725734,-100.0,-0.6666666666666666,-120.8726743,110.59541696
barrido(52-195)k,sweep_f_test_136.0kHz.csv,136000.0,150.0,136100.0,-10.28271294,100.0,0.6666666666666666,-121.76087765,111.47816471
barrido(52-195)k,sweep_f_test_143.0kHz.csv,143000.0,150.0,143000.0,-10.28230286,0.0,0.0,-120.9474741,110.66517123999999
barrido(52-195)k,sweep_f_test_150.0kHz.csv,150000.0,150.0,149900.0,-10.28321381,-100.0,-0.6666666666666666,-121.5075086,111.22429478999999
barrido(52-195)k,sweep_f_test_157.0kHz.csv,157000.0,150.0,157100.0,-10.29333687,100.0,0.6666666666666666,-121.0384166,110.74507973
barrido(52-195)k,sweep_f_test_164.0kHz.csv,164000.0,150.0,164000.0,-10.29263687,0.0,0.0,-120.47282815,110.18019128
barrido(52-195)k,sweep_f_test_171.0kHz.csv,171000.0,150.0,170900.0,-10.28285017,-100.0,-0.6666666666666666,-121.11040915000001,110.82755898
barrido(52-195)k,sweep_f_test_178.0kHz.csv,178000.0,150.0,178100.0,-10.29133034,100.0,0.6666666666666666,-120.28303835,109.99170801
barrido(52-195)k,sweep_f_test_185.0kHz.csv,185000.0,150.0,185000.0,-10.30677319,0.0,0.0,-119.9295113,109.62273811
barrido(52-195)k,sweep_f_test_192.0kHz.csv,192000.0,150.0,191900.0,-10.28097457,-100.0,-0.6666666666666666,-120.3875623,110.10658773
barrido 5,sweep_f_test_210.0kHz.csv,210000.0,300.0,210200.0,-10.14417934,200.0,0.6666666666666666,-124.35609305,114.21191371
barrido 5,sweep_f_test_223.0kHz.csv,223000.0,300.0,222800.0,-10.15173918,-200.0,-0.6666666666666666,-124.34211880000001,114.19037962000002
barrido 5,sweep_f_test_236.0kHz.csv,236000.0,300.0,236000.0,-10.15449284,0.0,0.0,-123.41702495000001,113.26253211000001
barrido 5,sweep_f_test_249.0kHz.csv,249000.0,300.0,249200.0,-10.15056737,200.0,0.6666666666666666,-123.3858319,113.23526453
barrido 5,sweep_f_test_262.0kHz.csv,262000.0,300.0,261800.0,-10.15517715,-200.0,-0.6666666666666666,-124.17651695,114.0213398
barrido 5,sweep_f_test_275.0kHz.csv,275000.0,300.0,275000.0,-10.16920247,0.0,0.0,-123.6293649,113.46016243
barrido 5,sweep_f_test_288.0kHz.csv,288000.0,300.0,288200.0,-10.17936916,200.0,0.6666666666666666,-122.56092855,112.38155939
barrido 5,sweep_f_test_301.0kHz.csv,301000.0,300.0,300800.0,-10.18445217,-200.0,-0.6666666666666666,-122.813726,112.62927383
barrido 5,sweep_f_test_314.0kHz.csv,314000.0,300.0,314000.0,-10.19257935,0.0,0.0,-123.73455544999999,113.54197609999999
barrido 5,sweep_f_test_327.0kHz.csv,327000.0,300.0,327200.0,-10.20094658,200.0,0.6666666666666666,-122.28450765,112.08356107
barrido 5,sweep_f_test_340.0kHz.csv,340000.0,300.0,339800.0,-10.20417766,-200.0,-0.6666666666666666,-121.94585705,111.74167939
barrido 5,sweep_f_test_353.0kHz.csv,353000.0,300.0,353000.0,-10.20408422,0.0,0.0,-121.14029980000001,110.93621558000001
barrido 5,sweep_f_test_366.0kHz.csv,366000.0,300.0,366200.0,-10.20757771,200.0,0.6666666666666666,-121.42801564999999,111.22043794
barrido 5,sweep_f_test_379.0kHz.csv,379000.0,300.0,378800.0,-10.20638276,-200.0,-0.6666666666666666,-120.80358835,110.59720559
barrido 5,sweep_f_test_392.0kHz.csv,392000.0,300.0,392000.0,-10.20411902,0.0,0.0,-120.9210887,110.71696968
barrido 5,sweep_f_test_405.0kHz.csv,405000.0,300.0,405200.0,-10.20752627,200.0,0.6666666666666666,-120.7361291,110.52860283
barrido 5,sweep_f_test_418.0kHz.csv,418000.0,300.0,417800.0,-10.21396989,-200.0,-0.6666666666666666,-120.7660987,110.55212881
barrido 5,sweep_f_test_431.0kHz.csv,431000.0,300.0,431000.0,-10.2170856,0.0,0.0,-120.8767333,110.6596477
barrido 5,sweep_f_test_444.0kHz.csv,444000.0,300.0,444200.0,-10.22015367,200.0,0.6666666666666666,-121.50509005,111.28493638
barrido 5,sweep_f_test_457.0kHz.csv,457000.0,300.0,456800.0,-10.23622926,-200.0,-0.6666666666666666,-121.361714,111.12548474
barrido 5,sweep_f_test_470.0kHz.csv,470000.0,300.0,470000.0,-10.25392532,0.0,0.0,-121.7388474,111.48492207999999
barrido 5,sweep_f_test_483.0kHz.csv,483000.0,300.0,483200.0,-10.25503795,200.0,0.6666666666666666,-122.0038606,111.74882265
barrido 5,sweep_f_test_496.0kHz.csv,496000.0,300.0,495800.0,-10.26516604,-200.0,-0.6666666666666666,-122.74848495,112.48331891000001
barrido 6,sweep_f_test_505.0kHz.csv,505000.0,500.0,505000.0,-10.18939551,0.0,0.0,-124.20526135,114.01586584
barrido 6,sweep_f_test_518.0kHz.csv,518000.0,500.0,518000.0,-10.23899064,0.0,0.0,-123.70396885,113.46497821
barrido 6,sweep_f_test_531.0kHz.csv,531000.0,500.0,531000.0,-10.21226883,0.0,0.0,-123.93252765,113.72025882
barrido 6,sweep_f_test_544.0kHz.csv,544000.0,500.0,544000.0,-10.22481633,0.0,0.0,-123.8851938,113.66037747
barrido 6,sweep_f_test_557.0kHz.csv,557000.0,500.0,557000.0,-10.21751705,0.0,0.0,-123.51223834999999,113.29472129999999
barrido 6,sweep_f_test_570.0kHz.csv,570000.0,500.0,570000.0,-10.22240162,0.0,0.0,-123.3960442,113.17364258
barrido 6,sweep_f_test_583.0kHz.csv,583000.0,500.0,583000.0,-10.22077113,0.0,0.0,-123.6665146,113.44574347
barrido 6,sweep_f_test_596.0kHz.csv,596000.0,500.0,596000.0,-10.22877491,0.0,0.0,-123.40726305000001,113.17848814000001
barrido 6,sweep_f_test_609.0kHz.csv,609000.0,500.0,609000.0,-10.2285858,0.0,0.0,-124.03675419999999,113.80816839999999
barrido 6,sweep_f_test_622.0kHz.csv,622000.0,500.0,622000.0,-10.248338,0.0,0.0,-123.45416505,113.20582705
barrido 6,sweep_f_test_635.0kHz.csv,635000.0,500.0,635000.0,-10.24351747,0.0,0.0,-123.23013725,112.98661978
barrido 6,sweep_f_test_648.0kHz.csv,648000.0,500.0,648000.0,-10.27956292,0.0,0.0,-122.79174505,112.51218213
barrido 6,sweep_f_test_661.0kHz.csv,661000.0,500.0,661000.0,-10.24959344,0.0,0.0,-123.43917015,113.18957671
barrido 6,sweep_f_test_674.0kHz.csv,674000.0,500.0,674000.0,-10.20812347,0.0,0.0,-123.27740324999999,113.06927977999999
barrido 6,sweep_f_test_687.0kHz.csv,687000.0,500.0,687000.0,-10.24147118,0.0,0.0,-123.20016815,112.95869696999999
barrido 6,sweep_f_test_700.0kHz.csv,700000.0,500.0,700000.0,-10.22224426,0.0,0.0,-122.62140070000001,112.39915644000001
barrido 6,sweep_f_test_713.0kHz.csv,713000.0,500.0,713000.0,-10.23812866,0.0,0.0,-122.52953045000001,112.29140179000001
barrido 6,sweep_f_test_726.0kHz.csv,726000.0,500.0,726000.0,-10.22946612,0.0,0.0,-122.67921100000001,112.44974488000001
barrido 6,sweep_f_test_739.0kHz.csv,739000.0,500.0,739000.0,-10.23786154,0.0,0.0,-122.92628635,112.68842481
barrido 6,sweep_f_test_752.0kHz.csv,752000.0,500.0,752000.0,-10.24124241,0.0,0.0,-122.74539265,112.50415024
barrido 6,sweep_f_test_765.0kHz.csv,765000.0,500.0,765000.0,-10.24715371,0.0,0.0,-123.3498056,113.10265189
barrido 6,sweep_f_test_778.0kHz.csv,778000.0,500.0,778000.0,-10.25070331,0.0,0.0,-123.19527984999999,112.94457653999999
barrido 6,sweep_f_test_791.0kHz.csv,791000.0,500.0,791000.0,-10.26497198,0.0,0.0,-124.01749495,113.75252297
barrido 6,sweep_f_test_804.0kHz.csv,804000.0,500.0,804000.0,-10.26165206,0.0,0.0,-123.49545645,113.23380439
barrido 6,sweep_f_test_817.0kHz.csv,817000.0,500.0,817000.0,-10.29739524,0.0,0.0,-124.31408155,114.01668631
barrido 6,sweep_f_test_830.0kHz.csv,830000.0,500.0,830000.0,-10.26369524,0.0,0.0,-123.87358725,113.60989201
barrido 6,sweep_f_test_843.0kHz.csv,843000.0,500.0,843000.0,-10.23272631,0.0,0.0,-123.86771395,113.63498763999999
barrido 6,sweep_f_test_856.0kHz.csv,856000.0,500.0,856000.0,-10.24212378,0.0,0.0,-123.93275915,113.69063537
barrido 6,sweep_f_test_869.0kHz.csv,869000.0,500.0,869000.0,-10.23340858,0.0,0.0,-123.61322899999999,113.37982041999999
barrido 6,sweep_f_test_882.0kHz.csv,882000.0,500.0,882000.0,-10.24202311,0.0,0.0,-124.85904769999999,114.61702458999999
barrido 6,sweep_f_test_895.0kHz.csv,895000.0,500.0,895000.0,-10.23595436,0.0,0.0,-124.32359775,114.08764339000001
barrido 6,sweep_f_test_908.0kHz.csv,908000.0,500.0,908000.0,-10.24742053,0.0,0.0,-123.99715574999999,113.74973521999999
barrido 6,sweep_f_test_921.0kHz.csv,921000.0,500.0,921000.0,-10.24972079,0.0,0.0,-124.09561345,113.84589266
barrido 6,sweep_f_test_934.0kHz.csv,934000.0,500.0,934000.0,-10.25776459,0.0,0.0,-124.13668885,113.87892425999999
barrido 6,sweep_f_test_947.0kHz.csv,947000.0,500.0,947000.0,-10.26882419,0.0,0.0,-124.12620785,113.85738366
barrido 7,sweep_f_test_1020.0kHz.csv,1020000.0,4000.0,1024000.0,-10.22559877,4000.0,1.0,-122.93343025,112.70783148
barrido 7,sweep_f_test_1070.0kHz.csv,1070000.0,4000.0,1072000.0,-10.23898821,2000.0,0.5,-122.9718283,112.73284009
barrido 7,sweep_f_test_1120.0kHz.csv,1120000.0,4000.0,1120000.0,-10.26115355,0.0,0.0,-123.33078875,113.0696352
barrido 7,sweep_f_test_1170.0kHz.csv,1170000.0,4000.0,1168000.0,-10.2740562,-2000.0,-0.5,-123.1914377,112.91738149999999
barrido 7,sweep_f_test_1220.0kHz.csv,1220000.0,4000.0,1224000.0,-10.28904084,4000.0,1.0,-123.1097981,112.82075726000001
barrido 7,sweep_f_test_1270.0kHz.csv,1270000.0,4000.0,1272000.0,-10.31385213,2000.0,0.5,-122.90215795,112.58830582
barrido 7,sweep_f_test_1320.0kHz.csv,1320000.0,4000.0,1320000.0,-10.3446909,0.0,0.0,-123.1119719,112.767281
barrido 7,sweep_f_test_1370.0kHz.csv,1370000.0,4000.0,1368000.0,-10.23088683,-2000.0,-0.5,-123.30567665,113.07478981999999
barrido 7,sweep_f_test_1420.0kHz.csv,1420000.0,4000.0,1416000.0,-10.24713258,-4000.0,-1.0,-122.5434029,112.29627032
barrido 7,sweep_f_test_1470.0kHz.csv,1470000.0,4000.0,1472000.0,-10.26719308,2000.0,0.5,-122.87040089999999,112.60320782
barrido 7,sweep_f_test_1520.0kHz.csv,1520000.0,4000.0,1520000.0,-10.28249051,0.0,0.0,-123.028048,112.74555749
barrido 7,sweep_f_test_1570.0kHz.csv,1570000.0,4000.0,1568000.0,-10.29912667,-2000.0,-0.5,-123.29531985,112.99619318
barrido 7,sweep_f_test_1620.0kHz.csv,1620000.0,4000.0,1616000.0,-10.31619732,-4000.0,-1.0,-123.05201855,112.73582123
barrido 7,sweep_f_test_1670.0kHz.csv,1670000.0,4000.0,1672000.0,-10.33647172,2000.0,0.5,-122.9002468,112.56377508
barrido 7,sweep_f_test_1720.0kHz.csv,1720000.0,4000.0,1720000.0,-10.34393258,0.0,0.0,-123.0692368,112.72530422
barrido 7,sweep_f_test_1770.0kHz.csv,1770000.0,4000.0,1768000.0,-10.26465146,-2000.0,-0.5,-122.95639209999999,112.69174063999999
barrido 7,sweep_f_test_1820.0kHz.csv,1820000.0,4000.0,1824000.0,-10.27195617,4000.0,1.0,-122.92428685,112.65233068
barrido 7,sweep_f_test_1870.0kHz.csv,1870000.0,4000.0,1872000.0,-10.28482076,2000.0,0.5,-122.76750545,112.48268469
barrido 7,sweep_f_test_1920.0kHz.csv,1920000.0,4000.0,1920000.0,-10.30606364,0.0,0.0,-123.33589075,113.02982711
barrido 7,sweep_f_test_1970.0kHz.csv,1970000.0,4000.0,1968000.0,-10.31722852,-2000.0,-0.5,-122.9841268,112.66689828
barrido 7,sweep_f_test_2020.0kHz.csv,2020000.0,4000.0,2024000.0,-10.33608772,4000.0,1.0,-123.20584935,112.86976163
barrido 7,sweep_f_test_2070.0kHz.csv,2070000.0,4000.0,2072000.0,-10.35445147,2000.0,0.5,-122.909197,112.55474553
barrido 7,sweep_f_test_2120.0kHz.csv,2120000.0,4000.0,2120000.0,-10.28292502,0.0,0.0,-123.10114165,112.81821663
barrido 7,sweep_f_test_2170.0kHz.csv,2170000.0,4000.0,2168000.0,-10.28637316,-2000.0,-0.5,-122.91157925,112.62520609
barrido 7,sweep_f_test_2220.0kHz.csv,2220000.0,4000.0,2216000.0,-10.29796014,-4000.0,-1.0,-123.1704861,112.87252596
barrido 7,sweep_f_test_2270.0kHz.csv,2270000.0,4000.0,2272000.0,-10.32247376,2000.0,0.5,-123.31742155,112.99494779000001
barrido 7,sweep_f_test_2320.0kHz.csv,2320000.0,4000.0,2320000.0,-10.33690525,0.0,0.0,-123.03538225,112.698477
barrido 7,sweep_f_test_2370.0kHz.csv,2370000.0,4000.0,2368000.0,-10.36043324,-2000.0,-0.5,-123.10215115,112.74171790999999
barrido 7,sweep_f_test_2420.0kHz.csv,2420000.0,4000.0,2416000.0,-10.38455839,-4000.0,-1.0,-123.169907,112.78534861
barrido 7,sweep_f_test_2470.0kHz.csv,2470000.0,4000.0,2472000.0,-10.25302327,2000.0,0.5,-122.9473992,112.69437593
barrido 7,sweep_f_test_2520.0kHz.csv,2520000.0,4000.0,2520000.0,-10.27008229,0.0,0.0,-122.92461804999999,112.65453575999999
barrido 7,sweep_f_test_2570.0kHz.csv,2570000.0,4000.0,2568000.0,-10.2836925,-2000.0,-0.5,-122.69632355,112.41263105
barrido 7,sweep_f_test_2620.0kHz.csv,2620000.0,4000.0,2624000.0,-10.30364496,4000.0,1.0,-123.06932355000001,112.76567859000001
barrido 7,sweep_f_test_2670.0kHz.csv,2670000.0,4000.0,2672000.0,-10.3203762,2000.0,0.5,-122.8051912,112.484815
barrido 7,sweep_f_test_2720.0kHz.csv,2720000.0,4000.0,2720000.0,-10.34745707,0.0,0.0,-122.69690425,112.34944718
barrido 7,sweep_f_test_2770.0kHz.csv,2770000.0,4000.0,2768000.0,-10.36137863,-2000.0,-0.5,-122.59434275,112.23296411999999
barrido 7,sweep_f_test_2820.0kHz.csv,2820000.0,4000.0,2816000.0,-10.29117534,-4000.0,-1.0,-122.7933274,112.50215206
barrido 7,sweep_f_test_2870.0kHz.csv,2870000.0,4000.0,2872000.0,-10.30466051,2000.0,0.5,-122.66737755,112.36271703999999
barrido 7,sweep_f_test_2920.0kHz.csv,2920000.0,4000.0,2920000.0,-10.31507067,0.0,0.0,-122.78910425,112.47403358
barrido 7,sweep_f_test_2970.0kHz.csv,2970000.0,4000.0,2968000.0,-10.33033829,-2000.0,-0.5,-122.93109525,112.60075696
barrido 7,sweep_f_test_3020.0kHz.csv,3020000.0,4000.0,3016000.0,-10.34582203,-4000.0,-1.0,-122.9190543,112.57323227
barrido 7,sweep_f_test_3070.0kHz.csv,3070000.0,4000.0,3072000.0,-10.37319672,2000.0,0.5,-122.9439696,112.57077288
barrido 7,sweep_f_test_3120.0kHz.csv,3120000.0,4000.0,3120000.0,-10.38310177,0.0,0.0,-122.92647769999999,112.54337593
barrido 7,sweep_f_test_3170.0kHz.csv,3170000.0,4000.0,3168000.0,-10.39690317,-2000.0,-0.5,-123.01894025,112.62203708
barrido 7,sweep_f_test_3220.0kHz.csv,3220000.0,4000.0,3224000.0,-10.32638111,4000.0,1.0,-122.9094844,112.58310329
barrido 7,sweep_f_test_3270.0kHz.csv,3270000.0,4000.0,3272000.0,-10.32874111,2000.0,0.5,-122.883055,112.55431389
barrido 7,sweep_f_test_3320.0kHz.csv,3320000.0,4000.0,3320000.0,-10.34293332,0.0,0.0,-122.79149050000001,112.44855718000001
barrido 7,sweep_f_test_3370.0kHz.csv,3370000.0,4000.0,3368000.0,-10.35555063,-2000.0,-0.5,-122.92379305,112.56824242
barrido 7,sweep_f_test_3420.0kHz.csv,3420000.0,4000.0,3424000.0,-10.37865349,4000.0,1.0,-122.8277611,112.44910761
barrido 7,sweep_f_test_3470.0kHz.csv,3470000.0,4000.0,3472000.0,-10.39288677,2000.0,0.5,-122.475132,112.08224523
barrido 7,sweep_f_test_3520.0kHz.csv,3520000.0,4000.0,3520000.0,-10.4229013,0.0,0.0,-122.71300015,112.29009884999999
barrido 7,sweep_f_test_3570.0kHz.csv,3570000.0,4000.0,3568000.0,-10.32773633,-2000.0,-0.5,-122.74042990000001,112.41269357000002
barrido 7,sweep_f_test_3620.0kHz.csv,3620000.0,4000.0,3616000.0,-10.33196443,-4000.0,-1.0,-122.83890235,112.50693792
barrido 7,sweep_f_test_3670.0kHz.csv,3670000.0,4000.0,3672000.0,-10.35340992,2000.0,0.5,-122.9344445,112.58103458
barrido 7,sweep_f_test_3720.0kHz.csv,3720000.0,4000.0,3720000.0,-10.36545615,0.0,0.0,-122.7697231,112.40426695
barrido 7,sweep_f_test_3770.0kHz.csv,3770000.0,4000.0,3768000.0,-10.38799734,-2000.0,-0.5,-122.51778494999999,112.12978761
barrido 7,sweep_f_test_3820.0kHz.csv,3820000.0,4000.0,3816000.0,-10.40722873,-4000.0,-1.0,-122.8697271,112.46249837
barrido 7,sweep_f_test_3870.0kHz.csv,3870000.0,4000.0,3872000.0,-10.43908407,2000.0,0.5,-122.69525580000001,112.25617173
barrido 7,sweep_f_test_3920.0kHz.csv,3920000.0,4000.0,3920000.0,-10.32430811,0.0,0.0,-122.6406798,112.31637169
barrido 7,sweep_f_test_3970.0kHz.csv,3970000.0,4000.0,3968000.0,-10.34027883,-2000.0,-0.5,-122.8575508,112.51727197
barrido 7,sweep_f_test_4020.0kHz.csv,4020000.0,4000.0,4024000.0,-10.36371876,4000.0,1.0,-122.6981332,112.33441444
barrido 7,sweep_f_test_4070.0kHz.csv,4070000.0,4000.0,4072000.0,-10.37399068,2000.0,0.5,-122.39482135,112.02083067
barrido 7,sweep_f_test_4120.0kHz.csv,4120000.0,4000.0,4120000.0,-10.39661057,0.0,0.0,-122.4217936,112.02518303
barrido 7,sweep_f_test_4170.0kHz.csv,4170000.0,4000.0,4168000.0,-10.41249873,-2000.0,-0.5,-122.840114,112.42761527
barrido 7,sweep_f_test_4220.0kHz.csv,4220000.0,4000.0,4216000.0,-10.43635644,-4000.0,-1.0,-122.0982008,111.66184436
barrido 7,sweep_f_test_4270.0kHz.csv,4270000.0,4000.0,4272000.0,-10.44440921,2000.0,0.5,-122.71141180000001,112.26700259
barrido 7,sweep_f_test_4320.0kHz.csv,4320000.0,4000.0,4320000.0,-10.35642731,0.0,0.0,-122.28297235,111.92654504
barrido 7,sweep_f_test_4370.0kHz.csv,4370000.0,4000.0,4368000.0,-10.37123058,-2000.0,-0.5,-122.55681105,112.18558046999999
barrido 7,sweep_f_test_4420.0kHz.csv,4420000.0,4000.0,4416000.0,-10.37921678,-4000.0,-1.0,-122.31036475,111.93114797000001
barrido 7,sweep_f_test_4470.0kHz.csv,4470000.0,4000.0,4472000.0,-10.4033602,2000.0,0.5,-122.26975645,111.86639625000001
barrido 7,sweep_f_test_4520.0kHz.csv,4520000.0,4000.0,4520000.0,-10.41440128,0.0,0.0,-121.90543975,111.49103847
barrido 8,sweep_f_test_5100.0kHz.csv,5100000.0,5000.0,5100000.0,-10.3934209,0.0,0.0,-123.54171794999999,113.14829705
barrido 8,sweep_f_test_5250.0kHz.csv,5250000.0,5000.0,5250000.0,-10.43417747,0.0,0.0,-123.32495655,112.89077908
barrido 8,sweep_f_test_5400.0kHz.csv,5400000.0,5000.0,5400000.0,-10.36730109,0.0,0.0,-122.86770675,112.50040566
barrido 8,sweep_f_test_5550.0kHz.csv,5550000.0,5000.0,5550000.0,-10.41890356,0.0,0.0,-122.86202705,112.44312348999999
barrido 8,sweep_f_test_5700.0kHz.csv,5700000.0,5000.0,5700000.0,-10.4649845,0.0,0.0,-123.07170545,112.60672095
barrido 8,sweep_f_test_5850.0kHz.csv,5850000.0,5000.0,5850000.0,-10.39679439,0.0,0.0,-123.2760811,112.87928671
barrido 8,sweep_f_test_6000.0kHz.csv,6000000.0,5000.0,6000000.0,-10.44601512,0.0,0.0,-123.26375965,112.81774453
barrido 8,sweep_f_test_6150.0kHz.csv,6150000.0,5000.0,6150000.0,-10.50470797,0.0,0.0,-123.18045845,112.67575048
barrido 8,sweep_f_test_6300.0kHz.csv,6300000.0,5000.0,6300000.0,-10.42559542,0.0,0.0,-123.1691534,112.74355797999999
barrido 8,sweep_f_test_6450.0kHz.csv,6450000.0,5000.0,6450000.0,-10.47422964,0.0,0.0,-123.2744107,112.80018106
barrido 8,sweep_f_test_6600.0kHz.csv,6600000.0,5000.0,6600000.0,-10.4040371,0.0,0.0,-122.89524205000001,112.49120495000001
barrido 8,sweep_f_test_6750.0kHz.csv,6750000.0,5000.0,6750000.0,-10.45678103,0.0,0.0,-122.99047680000001,112.53369577000001
barrido 8,sweep_f_test_6900.0kHz.csv,6900000.0,5000.0,6900000.0,-10.50636807,0.0,0.0,-122.9543772,112.44800913
barrido 8,sweep_f_test_7050.0kHz.csv,7050000.0,5000.0,7050000.0,-10.43241782,0.0,0.0,-123.10707045000001,112.67465263000001
barrido 8,sweep_f_test_7200.0kHz.csv,7200000.0,5000.0,7200000.0,-10.48610185,0.0,0.0,-122.8600776,112.37397575
barrido 8,sweep_f_test_7350.0kHz.csv,7350000.0,5000.0,7350000.0,-10.42588644,0.0,0.0,-123.31072234999999,112.88483590999999
barrido 8,sweep_f_test_7500.0kHz.csv,7500000.0,5000.0,7500000.0,-10.46165161,0.0,0.0,-122.9333659,112.47171429
barrido 8,sweep_f_test_7650.0kHz.csv,7650000.0,5000.0,7650000.0,-10.52035424,0.0,0.0,-122.98313475,112.46278051
barrido 8,sweep_f_test_7800.0kHz.csv,7800000.0,5000.0,7800000.0,-10.43939426,0.0,0.0,-123.00017675,112.56078249
barrido 8,sweep_f_test_7950.0kHz.csv,7950000.0,5000.0,7950000.0,-10.48751419,0.0,0.0,-123.05809475,112.57058056
barrido 8,sweep_f_test_8100.0kHz.csv,8100000.0,5000.0,8100000.0,-10.42411628,0.0,0.0,-123.30149325,112.87737697
barrido 8,sweep_f_test_8250.0kHz.csv,8250000.0,5000.0,8250000.0,-10.46493058,0.0,0.0,-123.03797735,112.57304677
barrido 8,sweep_f_test_8400.0kHz.csv,8400000.0,5000.0,8400000.0,-10.5104411,0.0,0.0,-123.0777495,112.5673084
barrido 8,sweep_f_test_8550.0kHz.csv,8550000.0,5000.0,8550000.0,-10.44061518,0.0,0.0,-122.87228245,112.43166727
barrido 8,sweep_f_test_8700.0kHz.csv,8700000.0,5000.0,8700000.0,-10.49357416,0.0,0.0,-122.97311295,112.47953879
barrido 8,sweep_f_test_8850.0kHz.csv,8850000.0,5000.0,8850000.0,-10.43825605,0.0,0.0,-123.0363373,112.59808125
barrido 8,sweep_f_test_9000.0kHz.csv,9000000.0,5000.0,9000000.0,-10.46783849,0.0,0.0,-123.1115992,112.64376071
barrido 8,sweep_f_test_9150.0kHz.csv,9150000.0,5000.0,9150000.0,-10.51956535,0.0,0.0,-122.8806857,112.36112035
barrido 8,sweep_f_test_9300.0kHz.csv,9300000.0,5000.0,9300000.0,-10.44805238,0.0,0.0,-123.07815125,112.63009887000001
barrido 8,sweep_f_test_9450.0kHz.csv,9450000.0,5000.0,9450000.0,-10.50050283,0.0,0.0,-122.94992935,112.44942652
barrido 9,sweep_f_test_10300.0kHz.csv,10300000.0,5000.0,10300000.0,-10.54097265,0.0,0.0,-122.9659358,112.42496315
barrido 9,sweep_f_test_10450.0kHz.csv,10450000.0,5000.0,10450000.0,-10.46949904,0.0,0.0,-123.30505395,112.83555491
barrido 9,sweep_f_test_10600.0kHz.csv,10600000.0,5000.0,10600000.0,-10.52251863,0.0,0.0,-123.08246915000001,112.55995052
barrido 9,sweep_f_test_10750.0kHz.csv,10750000.0,5000.0,10750000.0,-10.56040271,0.0,0.0,-123.52276615,112.96236343999999
barrido 9,sweep_f_test_10900.0kHz.csv,10900000.0,5000.0,10900000.0,-10.49306257,0.0,0.0,-123.4211388,112.92807622999999
barrido 9,sweep_f_test_11050.0kHz.csv,11050000.0,5000.0,11050000.0,-10.55618633,0.0,0.0,-123.0989141,112.54272777
barrido 9,sweep_f_test_11200.0kHz.csv,11200000.0,5000.0,11200000.0,-10.49289967,0.0,0.0,-123.03364915,112.54074948
barrido 9,sweep_f_test_11350.0kHz.csv,11350000.0,5000.0,11350000.0,-10.5261622,0.0,0.0,-122.8926152,112.36645299999999
barrido 9,sweep_f_test_11500.0kHz.csv,11500000.0,5000.0,11500000.0,-10.58790412,0.0,0.0,-123.21346274999999,112.62555862999999
barrido 9,sweep_f_test_11650.0kHz.csv,11650000.0,5000.0,11650000.0,-10.50500481,0.0,0.0,-123.19645980000001,112.69145499000001
barrido 9,sweep_f_test_11800.0kHz.csv,11800000.0,5000.0,11800000.0,-10.55783199,0.0,0.0,-123.23643865,112.67860666
barrido 9,sweep_f_test_11950.0kHz.csv,11950000.0,5000.0,11950000.0,-10.50022286,0.0,0.0,-123.16553925,112.66531639
barrido 9,sweep_f_test_12100.0kHz.csv,12100000.0,5000.0,12100000.0,-10.52936583,0.0,0.0,-123.2802822,112.75091637
barrido 9,sweep_f_test_12250.0kHz.csv,12250000.0,5000.0,12250000.0,-10.58538213,0.0,0.0,-123.24451830000001,112.65913617000001
barrido 9,sweep_f_test_12400.0kHz.csv,12400000.0,5000.0,12400000.0,-10.51399729,0.0,0.0,-122.9238765,112.40987921
barrido 9,sweep_f_test_12550.0kHz.csv,12550000.0,5000.0,12550000.0,-10.55929233,0.0,0.0,-123.26602235,112.70673002
barrido 9,sweep_f_test_12700.0kHz.csv,12700000.0,5000.0,12700000.0,-10.49252625,0.0,0.0,-122.9895252,112.49699895
barrido 9,sweep_f_test_12850.0kHz.csv,12850000.0,5000.0,12850000.0,-10.53130036,0.0,0.0,-122.9746452,112.44334484
barrido 9,sweep_f_test_13000.0kHz.csv,13000000.0,5000.0,13000000.0,-10.58799268,0.0,0.0,-123.2003505,112.61235782
barrido 9,sweep_f_test_13150.0kHz.csv,13150000.0,5000.0,13150000.0,-10.51685788,0.0,0.0,-123.25544074999999,112.73858286999999
barrido 9,sweep_f_test_13300.0kHz.csv,13300000.0,5000.0,13300000.0,-10.56422352,0.0,0.0,-122.85575165,112.29152813
barrido 9,sweep_f_test_13450.0kHz.csv,13450000.0,5000.0,13450000.0,-10.60235969,0.0,0.0,-123.00161835,112.39925866
barrido 9,sweep_f_test_13600.0kHz.csv,13600000.0,5000.0,13600000.0,-10.53886292,0.0,0.0,-123.0743633,112.53550038
barrido 9,sweep_f_test_13750.0kHz.csv,13750000.0,5000.0,13750000.0,-10.60006089,0.0,0.0,-123.0971663,112.49710541
barrido 9,sweep_f_test_13900.0kHz.csv,13900000.0,5000.0,13900000.0,-10.53315241,0.0,0.0,-122.91950975,112.38635734
barrido 9,sweep_f_test_14050.0kHz.csv,14050000.0,5000.0,14050000.0,-10.56544348,0.0,0.0,-122.9852599,112.41981642
barrido 9,sweep_f_test_14200.0kHz.csv,14200000.0,5000.0,14200000.0,-10.63235162,0.0,0.0,-123.44914445,112.81679283000001
barrido 9,sweep_f_test_14350.0kHz.csv,14350000.0,5000.0,14350000.0,-10.5497659,0.0,0.0,-123.2859428,112.7361769
barrido 9,sweep_f_test_14500.0kHz.csv,14500000.0,5000.0,14500000.0,-10.60018956,0.0,0.0,-123.00949505,112.40930549
barrido 9,sweep_f_test_14650.0kHz.csv,14650000.0,5000.0,14650000.0,-10.54412732,0.0,0.0,-122.91528124999999,112.37115392999999
barrido 9,sweep_f_test_14800.0kHz.csv,14800000.0,5000.0,14800000.0,-10.56957602,0.0,0.0,-122.98123465,112.41165863
